image_name         ,category
035_1_0004_1_j.png ,      35
017_1_0030.png     ,      17
043_1_0027_1_j.png ,      43
011_0049.png       ,      11
054_1_0001_1_j.png ,      54
054_0005.png       ,      54
016_0066.png       ,      16
028_0025.png       ,      28
011_0048.png       ,      11
043_1_0039.png     ,      43
043_1_0024.png     ,      43
054_0025.png       ,      54
028_1_0035_1_j.png ,      28
007_1_0021_1_j.png ,       7
026_0038_j.png     ,      26
026_1_0050_1_j.png ,      26
043_0031_j.png     ,      43
054_0148.png       ,      54
003_0108.png       ,       3
035_1_0001.png     ,      35
017_1_0011.png     ,      17
011_0028.png       ,      11
003_1_0004_1_j.png ,       3
003_0060.png       ,       3
026_0032_j.png     ,      26
026_0045_j.png     ,      26
054_1_0101.png     ,      54
016_1_0022.png     ,      16
055_1_0055.png     ,      55
007_1_0063.png     ,       7
028_0190.png       ,      28
016_1_0020.png     ,      16
028_1_0195.png     ,      28
028_0213.png       ,      28
055_1_0038.png     ,      55
017_1_0041.png     ,      17
003_1_0090.png     ,       3
055_1_0024.png     ,      55
005_1_0020_1_j.png ,       5
043_0002.png       ,      43
011_0015_j.png     ,      11
054_0125.png       ,      54
003_0057.png       ,       3
003_1_0058.png     ,       3
028_0130.png       ,      28
035_0022.png       ,      35
035_1_0003_1_j.png ,      35
005_1_0028.png     ,       5
054_0052_j.png     ,      54
035_0007.png       ,      35
005_1_0094.png     ,       5
054_0008.png       ,      54
054_0014.png       ,      54
035_0056.png       ,      35
054_1_0027.png     ,      54
054_1_0078_1_j.png ,      54
028_0109.png       ,      28
028_1_0086.png     ,      28
055_1_0016_1_j.png ,      55
003_0070.png       ,       3
007_1_0070.png     ,       7
054_0088_j.png     ,      54
054_1_0140.png     ,      54
028_1_0029.png     ,      28
005_0088.png       ,       5
035_0013.png       ,      35
026_1_0014.png     ,      26
017_1_0030_1_j.png ,      17
003_1_0079.png     ,       3
016_1_0006.png     ,      16
005_1_0003_1_j.png ,       5
003_1_0041.png     ,       3
007_0014.png       ,       7
003_1_0103.png     ,       3
054_1_0041_1_j.png ,      54
054_0078.png       ,      54
054_1_0007_1_j.png ,      54
043_0015.png       ,      43
003_0111.png       ,       3
017_1_0021_1_j.png ,      17
035_0027.png       ,      35
017_1_0028_1_j.png ,      17
035_1_0051.png     ,      35
011_1_0033_1_j.png ,      11
016_1_0021_1_j.png ,      16
005_1_0032.png     ,       5
011_1_0046.png     ,      11
054_1_0014_1_j.png ,      54
026_0047.png       ,      26
054_0084_j.png     ,      54
028_0191.png       ,      28
054_0096.png       ,      54
011_1_0044.png     ,      11
011_0037_j.png     ,      11
016_0038_j.png     ,      16
007_0067.png       ,       7
026_0013.png       ,      26
005_0018.png       ,       5
003_1_0006.png     ,       3
026_1_0028.png     ,      26
035_1_0016_1_j.png ,      35
016_0014.png       ,      16
043_0007_j.png     ,      43
005_0023.png       ,       5
028_1_0123.png     ,      28
003_0030.png       ,       3
054_0155.png       ,      54
003_0023.png       ,       3
026_0052_j.png     ,      26
054_0017_j.png     ,      54
016_1_0059.png     ,      16
026_0018.png       ,      26
007_1_0032.png     ,       7
026_1_0015_1_j.png ,      26
007_1_0037.png     ,       7
005_0072.png       ,       5
007_1_0019.png     ,       7
028_0026.png       ,      28
005_1_0020.png     ,       5
003_0044.png       ,       3
003_0087.png       ,       3
017_0017.png       ,      17
054_1_0070.png     ,      54
054_0131.png       ,      54
005_0024_j.png     ,       5
003_0010_j.png     ,       3
054_0066_j.png     ,      54
028_0034.png       ,      28
028_1_0045.png     ,      28
055_0049.png       ,      55
054_1_0008.png     ,      54
005_1_0025.png     ,       5
011_1_0006.png     ,      11
017_0019_j.png     ,      17
005_1_0088.png     ,       5
026_1_0063_1_j.png ,      26
054_0100.png       ,      54
016_1_0030.png     ,      16
043_1_0040.png     ,      43
055_0062.png       ,      55
054_0033.png       ,      54
028_0216.png       ,      28
055_1_0011_1_j.png ,      55
016_0004.png       ,      16
055_0010_j.png     ,      55
016_0029_j.png     ,      16
026_0009_j.png     ,      26
054_1_0085_1_j.png ,      54
007_0050.png       ,       7
055_1_0063.png     ,      55
028_0212.png       ,      28
011_1_0012.png     ,      11
026_0008.png       ,      26
043_0040.png       ,      43
055_1_0009.png     ,      55
011_1_0007_1_j.png ,      11
026_1_0047_1_j.png ,      26
043_0032.png       ,      43
003_1_0091.png     ,       3
005_0006_j.png     ,       5
026_1_0001.png     ,      26
035_0010_j.png     ,      35
007_1_0022.png     ,       7
028_1_0027.png     ,      28
011_1_0001.png     ,      11
028_1_0122.png     ,      28
017_0058.png       ,      17
028_0015_j.png     ,      28
007_1_0025_1_j.png ,       7
054_0001_j.png     ,      54
011_1_0045_1_j.png ,      11
016_0011.png       ,      16
028_1_0090.png     ,      28
011_1_0009.png     ,      11
017_0038.png       ,      17
016_0023_j.png     ,      16
028_1_0153.png     ,      28
003_0042.png       ,       3
017_0062.png       ,      17
005_1_0076.png     ,       5
005_1_0077.png     ,       5
043_1_0053.png     ,      43
055_1_0028_1_j.png ,      55
054_1_0034_1_j.png ,      54
005_0007.png       ,       5
016_1_0044.png     ,      16
055_1_0007.png     ,      55
028_1_0016_1_j.png ,      28
043_1_0045.png     ,      43
054_1_0161.png     ,      54
043_1_0010_1_j.png ,      43
055_1_0025_1_j.png ,      55
007_0063.png       ,       7
054_1_0036.png     ,      54
017_0034.png       ,      17
011_1_0066.png     ,      11
054_1_0099.png     ,      54
054_1_0064_1_j.png ,      54
016_0020.png       ,      16
017_0017_j.png     ,      17
017_0002_j.png     ,      17
017_1_0063.png     ,      17
003_1_0039.png     ,       3
054_0159.png       ,      54
016_0007_j.png     ,      16
054_1_0068_1_j.png ,      54
043_1_0046.png     ,      43
011_0013.png       ,      11
016_0048.png       ,      16
005_1_0022.png     ,       5
054_1_0145.png     ,      54
028_0049.png       ,      28
016_0017.png       ,      16
054_0106.png       ,      54
054_1_0081_1_j.png ,      54
043_1_0020.png     ,      43
003_1_0089.png     ,       3
005_0024.png       ,       5
043_0009.png       ,      43
005_0012_j.png     ,       5
043_0026_j.png     ,      43
035_1_0074.png     ,      35
028_0204.png       ,      28
005_0008.png       ,       5
016_1_0026_1_j.png ,      16
007_1_0008_1_j.png ,       7
017_1_0018_1_j.png ,      17
028_1_0186.png     ,      28
005_1_0050.png     ,       5
054_0048_j.png     ,      54
054_0011.png       ,      54
005_1_0058.png     ,       5
055_0009_j.png     ,      55
003_1_0080.png     ,       3
016_0039.png       ,      16
011_0051_j.png     ,      11
007_0062.png       ,       7
003_1_0097.png     ,       3
005_0022.png       ,       5
017_0026_j.png     ,      17
028_0135.png       ,      28
003_0004_j.png     ,       3
028_1_0022_1_j.png ,      28
007_0056.png       ,       7
016_0059.png       ,      16
026_0042.png       ,      26
011_1_0042_1_j.png ,      11
005_0092.png       ,       5
043_0046.png       ,      43
035_1_0024_1_j.png ,      35
054_0097.png       ,      54
054_1_0061.png     ,      54
026_1_0062.png     ,      26
054_0048.png       ,      54
055_1_0010_1_j.png ,      55
011_0054.png       ,      11
003_0008.png       ,       3
011_1_0049_1_j.png ,      11
026_1_0006.png     ,      26
016_0058.png       ,      16
005_0067.png       ,       5
016_0021_j.png     ,      16
054_0025_j.png     ,      54
026_1_0009_1_j.png ,      26
035_0024.png       ,      35
054_1_0080_1_j.png ,      54
011_1_0053.png     ,      11
026_1_0060_1_j.png ,      26
011_0017_j.png     ,      11
003_1_0070.png     ,       3
028_1_0189.png     ,      28
016_1_0042.png     ,      16
011_0011.png       ,      11
028_1_0050.png     ,      28
043_0006_j.png     ,      43
003_0011_j.png     ,       3
028_0062.png       ,      28
003_1_0101.png     ,       3
026_0050_j.png     ,      26
011_1_0026_1_j.png ,      11
017_0016_j.png     ,      17
017_1_0034.png     ,      17
003_0096.png       ,       3
026_1_0065_1_j.png ,      26
054_1_0073.png     ,      54
028_0031.png       ,      28
016_0036.png       ,      16
017_1_0004_1_j.png ,      17
016_1_0052.png     ,      16
055_0066.png       ,      55
054_1_0032_1_j.png ,      54
043_1_0040.png     ,      43
028_0016_j.png     ,      28
003_0104.png       ,       3
043_1_0016.png     ,      43
017_0064.png       ,      17
055_0022_j.png     ,      55
028_1_0015_1_j.png ,      28
016_1_0063.png     ,      16
011_1_0044_1_j.png ,      11
054_0001.png       ,      54
005_0087.png       ,       5
054_0101.png       ,      54
007_0005_j.png     ,       7
003_1_0096.png     ,       3
017_1_0020_1_j.png ,      17
016_0045.png       ,      16
011_1_0052_1_j.png ,      11
043_0050.png       ,      43
054_0053.png       ,      54
028_1_0053.png     ,      28
016_1_0035_1_j.png ,      16
011_1_0035_1_j.png ,      11
043_0011.png       ,      43
017_1_0021.png     ,      17
028_1_0076.png     ,      28
016_0035_j.png     ,      16
017_1_0050.png     ,      17
017_1_0020.png     ,      17
055_1_0059.png     ,      55
054_0157.png       ,      54
016_1_0014_1_j.png ,      16
028_1_0071.png     ,      28
011_1_0002_1_j.png ,      11
005_1_0024.png     ,       5
026_0005_j.png     ,      26
016_0007.png       ,      16
054_0063.png       ,      54
055_0008_j.png     ,      55
055_0035.png       ,      55
028_1_0211.png     ,      28
054_1_0097.png     ,      54
054_0003.png       ,      54
016_0022_j.png     ,      16
011_0059.png       ,      11
003_1_0082.png     ,       3
003_0013.png       ,       3
055_1_0033.png     ,      55
011_1_0041.png     ,      11
005_0074.png       ,       5
011_1_0028.png     ,      11
028_0075.png       ,      28
055_1_0012.png     ,      55
017_1_0061.png     ,      17
054_0141.png       ,      54
054_1_0063.png     ,      54
007_0002_j.png     ,       7
054_1_0155.png     ,      54
043_1_0029_1_j.png ,      43
026_0037_j.png     ,      26
005_1_0064.png     ,       5
007_0010.png       ,       7
054_0002.png       ,      54
028_1_0068.png     ,      28
035_0062.png       ,      35
054_1_0159.png     ,      54
005_1_0073.png     ,       5
016_0022.png       ,      16
007_1_0003_1_j.png ,       7
028_0082.png       ,      28
003_0123.png       ,       3
028_0172.png       ,      28
054_1_0089.png     ,      54
011_0029.png       ,      11
003_0100.png       ,       3
054_1_0156.png     ,      54
054_1_0055_1_j.png ,      54
043_0044.png       ,      43
054_1_0137.png     ,      54
016_0001_j.png     ,      16
043_1_0001.png     ,      43
054_0049.png       ,      54
016_1_0007.png     ,      16
043_1_0021_1_j.png ,      43
011_0056.png       ,      11
005_1_0016.png     ,       5
035_0009_j.png     ,      35
005_0038.png       ,       5
054_1_0083_1_j.png ,      54
017_1_0026.png     ,      17
054_0027_j.png     ,      54
011_1_0018_1_j.png ,      11
016_1_0028.png     ,      16
028_0039.png       ,      28
007_0074.png       ,       7
054_0083_j.png     ,      54
028_1_0001_1_j.png ,      28
028_0069.png       ,      28
043_1_0058.png     ,      43
043_0039.png       ,      43
026_1_0039_1_j.png ,      26
011_0055.png       ,      11
005_0005_j.png     ,       5
026_0003_j.png     ,      26
028_1_0194.png     ,      28
026_1_0032.png     ,      26
035_0018.png       ,      35
035_0070.png       ,      35
026_1_0047.png     ,      26
028_0221.png       ,      28
028_1_0137.png     ,      28
011_1_0057.png     ,      11
035_1_0067.png     ,      35
028_0146.png       ,      28
026_1_0062_1_j.png ,      26
054_0013.png       ,      54
003_1_0107.png     ,       3
016_0031.png       ,      16
017_0014.png       ,      17
028_0020_j.png     ,      28
035_0054.png       ,      35
003_1_0034.png     ,       3
017_0060.png       ,      17
003_1_0122.png     ,       3
054_0037.png       ,      54
028_1_0028.png     ,      28
011_0003_j.png     ,      11
028_1_0058.png     ,      28
016_0033_j.png     ,      16
026_0020.png       ,      26
017_0011.png       ,      17
017_1_0012.png     ,      17
055_1_0003.png     ,      55
026_1_0066_1_j.png ,      26
016_0032.png       ,      16
054_0041.png       ,      54
007_0006.png       ,       7
007_1_0014.png     ,       7
003_0042.png       ,       3
016_1_0049.png     ,      16
055_0024.png       ,      55
017_0006_j.png     ,      17
003_1_0113.png     ,       3
054_0024.png       ,      54
017_0054.png       ,      17
016_1_0005.png     ,      16
003_0031.png       ,       3
054_1_0022.png     ,      54
011_0044.png       ,      11
054_1_0120.png     ,      54
017_1_0058.png     ,      17
028_0074.png       ,      28
055_0018_j.png     ,      55
003_1_0026_1_j.png ,       3
017_1_0017.png     ,      17
007_0009_j.png     ,       7
028_1_0069.png     ,      28
005_1_0040.png     ,       5
016_0005_j.png     ,      16
026_1_0053_1_j.png ,      26
054_0051.png       ,      54
007_1_0019_1_j.png ,       7
054_1_0081.png     ,      54
028_1_0033_1_j.png ,      28
054_0057.png       ,      54
026_1_0056_1_j.png ,      26
028_1_0145.png     ,      28
028_1_0084.png     ,      28
054_0035.png       ,      54
055_0027.png       ,      55
035_1_0056.png     ,      35
028_1_0047.png     ,      28
017_1_0009_1_j.png ,      17
016_0069.png       ,      16
007_0039.png       ,       7
005_0004.png       ,       5
028_1_0191.png     ,      28
055_1_0023_1_j.png ,      55
011_0052_j.png     ,      11
054_1_0094.png     ,      54
017_0007_j.png     ,      17
011_1_0052.png     ,      11
028_1_0147.png     ,      28
007_0045.png       ,       7
016_1_0031_1_j.png ,      16
005_1_0005.png     ,       5
007_0030.png       ,       7
054_0008_j.png     ,      54
017_1_0036.png     ,      17
035_0065.png       ,      35
017_1_0012_1_j.png ,      17
054_1_0055.png     ,      54
016_0014_j.png     ,      16
026_1_0056.png     ,      26
005_0010.png       ,       5
007_0026.png       ,       7
054_0023.png       ,      54
054_0068_j.png     ,      54
055_0045.png       ,      55
028_1_0174.png     ,      28
003_0058.png       ,       3
028_0037.png       ,      28
035_1_0023.png     ,      35
043_0018.png       ,      43
054_1_0003.png     ,      54
043_0029_j.png     ,      43
055_0055.png       ,      55
055_0039.png       ,      55
043_0033.png       ,      43
026_0028.png       ,      26
028_0174.png       ,      28
005_0023_j.png     ,       5
007_1_0044.png     ,       7
016_1_0067.png     ,      16
005_0076.png       ,       5
016_0035.png       ,      16
007_0059.png       ,       7
003_0073.png       ,       3
043_0034.png       ,      43
054_1_0103.png     ,      54
016_1_0016_1_j.png ,      16
011_1_0013_1_j.png ,      11
007_0033.png       ,       7
017_1_0038.png     ,      17
026_0056.png       ,      26
005_0016_j.png     ,       5
026_0029_j.png     ,      26
054_0022_j.png     ,      54
028_0046.png       ,      28
011_1_0006_1_j.png ,      11
028_0121.png       ,      28
054_1_0026_1_j.png ,      54
055_0002_j.png     ,      55
055_1_0013.png     ,      55
055_1_0012_1_j.png ,      55
054_0003_j.png     ,      54
005_0096.png       ,       5
005_1_0063.png     ,       5
016_0042.png       ,      16
007_0002.png       ,       7
017_0024_j.png     ,      17
007_0061.png       ,       7
054_1_0012_1_j.png ,      54
055_0015_j.png     ,      55
028_0171.png       ,      28
028_1_0199.png     ,      28
026_0053.png       ,      26
007_0072.png       ,       7
007_0043.png       ,       7
043_1_0057.png     ,      43
028_1_0030.png     ,      28
005_1_0042.png     ,       5
026_1_0036.png     ,      26
054_1_0067.png     ,      54
055_0026.png       ,      55
035_1_0019.png     ,      35
035_1_0018.png     ,      35
043_0001.png       ,      43
011_0066.png       ,      11
016_0026_j.png     ,      16
016_1_0061.png     ,      16
054_1_0160.png     ,      54
005_1_0085.png     ,       5
035_0006.png       ,      35
003_0050.png       ,       3
011_0068.png       ,      11
054_1_0036_1_j.png ,      54
016_0015.png       ,      16
007_1_0055.png     ,       7
028_0198.png       ,      28
026_0035_j.png     ,      26
054_0023_j.png     ,      54
026_0055_j.png     ,      26
028_0133.png       ,      28
035_1_0064.png     ,      35
026_0044_j.png     ,      26
043_1_0019.png     ,      43
017_1_0016.png     ,      17
026_0041_j.png     ,      26
035_0063.png       ,      35
028_0202.png       ,      28
017_1_0003_1_j.png ,      17
054_1_0087_1_j.png ,      54
035_0008_j.png     ,      35
016_1_0066.png     ,      16
017_1_0027_1_j.png ,      17
054_1_0142.png     ,      54
028_0152.png       ,      28
003_0025_j.png     ,       3
054_1_0043_1_j.png ,      54
055_0025_j.png     ,      55
011_0031_j.png     ,      11
054_0064_j.png     ,      54
026_1_0004.png     ,      26
043_0045.png       ,      43
028_1_0060.png     ,      28
005_0006.png       ,       5
043_0019.png       ,      43
007_0055.png       ,       7
054_1_0057.png     ,      54
055_0074.png       ,      55
007_1_0006.png     ,       7
035_1_0028.png     ,      35
054_0111.png       ,      54
043_0028_j.png     ,      43
016_1_0050.png     ,      16
028_1_0141.png     ,      28
028_0217.png       ,      28
054_0016.png       ,      54
028_0041.png       ,      28
028_1_0005.png     ,      28
007_1_0022_1_j.png ,       7
054_0054_j.png     ,      54
003_1_0011.png     ,       3
007_1_0024_1_j.png ,       7
055_0044.png       ,      55
043_1_0028.png     ,      43
007_1_0026_1_j.png ,       7
026_1_0012_1_j.png ,      26
028_1_0013.png     ,      28
028_0132.png       ,      28
026_0022.png       ,      26
028_0099.png       ,      28
028_1_0018_1_j.png ,      28
007_0031.png       ,       7
005_0091.png       ,       5
054_0081_j.png     ,      54
028_0027_j.png     ,      28
017_1_0033.png     ,      17
054_1_0068.png     ,      54
055_1_0024_1_j.png ,      55
005_1_0057.png     ,       5
003_1_0028_1_j.png ,       3
054_1_0027_1_j.png ,      54
043_0017_j.png     ,      43
007_1_0018_1_j.png ,       7
055_0041.png       ,      55
003_1_0031.png     ,       3
055_1_0045.png     ,      55
055_1_0014.png     ,      55
007_1_0001.png     ,       7
016_1_0048.png     ,      16
016_1_0007_1_j.png ,      16
028_1_0093.png     ,      28
028_0124.png       ,      28
054_1_0039_1_j.png ,      54
054_0137.png       ,      54
003_0084.png       ,       3
043_0039.png       ,      43
011_0014_j.png     ,      11
011_0034_j.png     ,      11
011_0051.png       ,      11
026_1_0038_1_j.png ,      26
054_0019.png       ,      54
026_0005.png       ,      26
028_0154.png       ,      28
028_0155.png       ,      28
003_0018_j.png     ,       3
028_1_0193.png     ,      28
017_0031_j.png     ,      17
007_0017.png       ,       7
035_0041.png       ,      35
011_1_0057.png     ,      11
026_1_0048.png     ,      26
054_0047_j.png     ,      54
016_0041.png       ,      16
016_0030.png       ,      16
035_1_0053.png     ,      35
026_0047_j.png     ,      26
011_0031.png       ,      11
054_0117.png       ,      54
017_0027.png       ,      17
011_1_0008_1_j.png ,      11
026_1_0049_1_j.png ,      26
003_0019.png       ,       3
005_1_0053.png     ,       5
016_0067.png       ,      16
055_1_0006.png     ,      55
028_1_0104.png     ,      28
028_0001_j.png     ,      28
026_1_0057.png     ,      26
054_1_0127.png     ,      54
054_0013_j.png     ,      54
007_1_0024.png     ,       7
028_0159.png       ,      28
054_0089.png       ,      54
035_0019.png       ,      35
054_0007_j.png     ,      54
011_1_0017_1_j.png ,      11
054_0060.png       ,      54
005_0017.png       ,       5
054_1_0059.png     ,      54
054_1_0015_1_j.png ,      54
028_1_0201.png     ,      28
017_0035.png       ,      17
026_0062.png       ,      26
017_0018_j.png     ,      17
026_1_0058.png     ,      26
028_1_0041.png     ,      28
005_0001.png       ,       5
011_0060.png       ,      11
028_0126.png       ,      28
007_0004_j.png     ,       7
028_1_0165.png     ,      28
035_1_0008.png     ,      35
003_0113.png       ,       3
017_1_0056.png     ,      17
016_1_0004_1_j.png ,      16
016_1_0014.png     ,      16
028_1_0056.png     ,      28
016_0017_j.png     ,      16
016_1_0069.png     ,      16
003_0085.png       ,       3
035_0066.png       ,      35
043_0008.png       ,      43
007_1_0005.png     ,       7
011_1_0022_1_j.png ,      11
003_0128.png       ,       3
017_1_0024.png     ,      17
054_0015.png       ,      54
043_1_0034_1_j.png ,      43
011_1_0032.png     ,      11
028_1_0212.png     ,      28
017_1_0019.png     ,      17
003_1_0035.png     ,       3
005_0040.png       ,       5
003_1_0021.png     ,       3
017_0041.png       ,      17
017_1_0014_1_j.png ,      17
028_0021_j.png     ,      28
005_0078.png       ,       5
005_1_0054.png     ,       5
016_0008_j.png     ,      16
028_0048.png       ,      28
043_0038.png       ,      43
016_0009_j.png     ,      16
043_0043.png       ,      43
054_0075.png       ,      54
043_0023.png       ,      43
017_0027_j.png     ,      17
016_1_0002_1_j.png ,      16
026_1_0061.png     ,      26
028_0147.png       ,      28
003_0003_j.png     ,       3
005_1_0049.png     ,       5
026_0056_j.png     ,      26
016_0030_j.png     ,      16
007_1_0027.png     ,       7
054_1_0072_1_j.png ,      54
054_0050.png       ,      54
026_1_0035_1_j.png ,      26
026_0048.png       ,      26
043_0030.png       ,      43
055_1_0077.png     ,      55
016_0001.png       ,      16
003_0118.png       ,       3
011_1_0032_1_j.png ,      11
026_1_0044_1_j.png ,      26
003_0009_j.png     ,       3
028_0177.png       ,      28
017_0032_j.png     ,      17
043_1_0031_1_j.png ,      43
011_0041_j.png     ,      11
028_1_0175.png     ,      28
035_1_0023_1_j.png ,      35
028_0128.png       ,      28
007_0032.png       ,       7
054_0116.png       ,      54
003_1_0026.png     ,       3
003_1_0032.png     ,       3
028_0007_j.png     ,      28
055_0013_j.png     ,      55
028_1_0203.png     ,      28
028_0195.png       ,      28
043_1_0027.png     ,      43
017_0032.png       ,      17
028_0014.png       ,      28
005_1_0013_1_j.png ,       5
054_0068.png       ,      54
054_1_0077.png     ,      54
054_0077_j.png     ,      54
017_0024.png       ,      17
028_0079.png       ,      28
028_0034_j.png     ,      28
054_0054.png       ,      54
055_0012_j.png     ,      55
011_0053.png       ,      11
026_0006_j.png     ,      26
003_0039.png       ,       3
007_0042.png       ,       7
011_1_0041_1_j.png ,      11
028_0136.png       ,      28
003_0014_j.png     ,       3
017_0050.png       ,      17
043_0037.png       ,      43
003_0028_j.png     ,       3
026_1_0067_1_j.png ,      26
017_0043.png       ,      17
035_1_0063.png     ,      35
028_1_0124.png     ,      28
054_1_0002_1_j.png ,      54
003_0066.png       ,       3
043_1_0006.png     ,      43
011_1_0031.png     ,      11
035_1_0071.png     ,      35
054_1_0116.png     ,      54
055_1_0017_1_j.png ,      55
026_1_0023.png     ,      26
003_1_0100.png     ,       3
005_1_0091.png     ,       5
026_1_0011.png     ,      26
028_1_0110.png     ,      28
028_0112.png       ,      28
026_1_0035.png     ,      26
011_1_0012_1_j.png ,      11
011_0046.png       ,      11
028_1_0012.png     ,      28
005_0031.png       ,       5
026_1_0060.png     ,      26
035_1_0048.png     ,      35
043_1_0003.png     ,      43
011_0012_j.png     ,      11
017_0045.png       ,      17
035_1_0003.png     ,      35
007_0012_j.png     ,       7
003_0099.png       ,       3
028_1_0157.png     ,      28
011_1_0008.png     ,      11
011_1_0051.png     ,      11
026_1_0027_1_j.png ,      26
005_1_0084.png     ,       5
016_1_0023_1_j.png ,      16
028_1_0105.png     ,      28
007_0049.png       ,       7
016_1_0032_1_j.png ,      16
003_1_0056.png     ,       3
028_1_0158.png     ,      28
026_0046.png       ,      26
028_0058.png       ,      28
011_0004_j.png     ,      11
017_0037.png       ,      17
054_1_0030.png     ,      54
043_0048.png       ,      43
028_1_0111.png     ,      28
054_0099.png       ,      54
016_1_0036_1_j.png ,      16
035_0074.png       ,      35
007_0020.png       ,       7
028_0061.png       ,      28
003_1_0022.png     ,       3
026_0042_j.png     ,      26
035_0011_j.png     ,      35
026_1_0032_1_j.png ,      26
028_1_0198.png     ,      28
007_1_0067.png     ,       7
035_1_0025_1_j.png ,      35
028_1_0184.png     ,      28
054_1_0005_1_j.png ,      54
003_0024.png       ,       3
054_1_0019.png     ,      54
003_1_0029.png     ,       3
011_1_0003.png     ,      11
043_1_0024_1_j.png ,      43
011_1_0043.png     ,      11
028_0096.png       ,      28
016_0031_j.png     ,      16
043_0004_j.png     ,      43
005_1_0004.png     ,       5
055_1_0069.png     ,      55
007_0015_j.png     ,       7
011_1_0064.png     ,      11
055_0026_j.png     ,      55
035_1_0040.png     ,      35
003_1_0039.png     ,       3
017_1_0035.png     ,      17
005_0011_j.png     ,       5
028_1_0029_1_j.png ,      28
043_0023_j.png     ,      43
003_1_0034.png     ,       3
003_0015_j.png     ,       3
007_1_0031.png     ,       7
003_1_0036.png     ,       3
043_1_0015_1_j.png ,      43
028_1_0181.png     ,      28
007_0010_j.png     ,       7
028_0100.png       ,      28
026_1_0049.png     ,      26
028_0199.png       ,      28
028_1_0119.png     ,      28
011_1_0049.png     ,      11
035_1_0006.png     ,      35
003_0086.png       ,       3
054_0021.png       ,      54
026_0040_j.png     ,      26
054_1_0039.png     ,      54
011_0043_j.png     ,      11
003_0014.png       ,       3
011_1_0014.png     ,      11
011_0018.png       ,      11
054_1_0083.png     ,      54
005_1_0069.png     ,       5
054_0055.png       ,      54
005_0061.png       ,       5
028_0012.png       ,      28
017_0061.png       ,      17
017_0008_j.png     ,      17
054_0082_j.png     ,      54
026_1_0007_1_j.png ,      26
026_1_0030.png     ,      26
026_1_0058_1_j.png ,      26
028_0080.png       ,      28
005_0039.png       ,       5
028_1_0138.png     ,      28
043_0012.png       ,      43
026_1_0031.png     ,      26
043_0008_j.png     ,      43
028_1_0114.png     ,      28
028_0013_j.png     ,      28
043_0051.png       ,      43
017_1_0052.png     ,      17
005_0015_j.png     ,       5
035_0006_j.png     ,      35
003_1_0092.png     ,       3
043_1_0026_1_j.png ,      43
016_0038.png       ,      16
054_1_0107.png     ,      54
003_0009.png       ,       3
054_0138.png       ,      54
003_1_0002_1_j.png ,       3
017_0052.png       ,      17
005_0079.png       ,       5
026_1_0045_1_j.png ,      26
003_0105.png       ,       3
028_1_0142.png     ,      28
003_1_0013.png     ,       3
003_0121.png       ,       3
055_0022.png       ,      55
055_0068.png       ,      55
016_1_0060.png     ,      16
028_1_0004_1_j.png ,      28
054_1_0109.png     ,      54
054_0026_j.png     ,      54
003_0115.png       ,       3
028_0060.png       ,      28
054_1_0025_1_j.png ,      54
054_1_0021.png     ,      54
054_1_0084_1_j.png ,      54
055_0001_j.png     ,      55
035_0025.png       ,      35
043_0028.png       ,      43
007_1_0009.png     ,       7
028_0097.png       ,      28
016_0051.png       ,      16
028_0201.png       ,      28
007_0004.png       ,       7
054_0028_j.png     ,      54
055_0021_j.png     ,      55
011_1_0029.png     ,      11
028_1_0176.png     ,      28
028_0015.png       ,      28
026_1_0024.png     ,      26
028_0011_j.png     ,      28
003_1_0083.png     ,       3
007_1_0014_1_j.png ,       7
035_0022_j.png     ,      35
017_1_0001_1_j.png ,      17
028_1_0120.png     ,      28
011_0055_j.png     ,      11
054_0130.png       ,      54
028_0114.png       ,      28
028_0214.png       ,      28
026_1_0015.png     ,      26
043_0034_j.png     ,      43
054_0020_j.png     ,      54
026_0029.png       ,      26
028_0197.png       ,      28
054_0074_j.png     ,      54
017_1_0003.png     ,      17
003_0001_j.png     ,       3
003_0072.png       ,       3
007_1_0056.png     ,       7
016_0029.png       ,      16
005_0051.png       ,       5
005_1_0021_1_j.png ,       5
028_0215.png       ,      28
055_0052.png       ,      55
035_0021.png       ,      35
005_1_0060.png     ,       5
035_0034.png       ,      35
043_1_0009.png     ,      43
055_1_0006_1_j.png ,      55
054_1_0019_1_j.png ,      54
028_0141.png       ,      28
016_1_0022_1_j.png ,      16
054_0089_j.png     ,      54
055_1_0075.png     ,      55
003_1_0076.png     ,       3
007_1_0069.png     ,       7
028_0210.png       ,      28
005_1_0081.png     ,       5
043_1_0059.png     ,      43
028_0175.png       ,      28
011_1_0039.png     ,      11
005_0034.png       ,       5
026_1_0007.png     ,      26
028_1_0159.png     ,      28
054_0040_j.png     ,      54
028_0111.png       ,      28
005_0043.png       ,       5
003_1_0069.png     ,       3
055_1_0065.png     ,      55
011_1_0059.png     ,      11
007_0003.png       ,       7
005_1_0074.png     ,       5
043_1_0025.png     ,      43
026_0013_j.png     ,      26
054_0077.png       ,      54
035_1_0068.png     ,      35
005_0081.png       ,       5
016_0025.png       ,      16
035_0053.png       ,      35
028_0087.png       ,      28
003_1_0078.png     ,       3
005_1_0051.png     ,       5
026_1_0046_1_j.png ,      26
035_0015_j.png     ,      35
055_1_0041.png     ,      55
011_0003.png       ,      11
054_0153.png       ,      54
016_1_0057.png     ,      16
016_1_0056.png     ,      16
055_0024_j.png     ,      55
028_1_0205.png     ,      28
026_1_0057_1_j.png ,      26
054_0030_j.png     ,      54
026_0068_j.png     ,      26
017_0005_j.png     ,      17
017_1_0029_1_j.png ,      17
054_0029.png       ,      54
003_0083.png       ,       3
054_0010.png       ,      54
054_1_0133.png     ,      54
003_0021.png       ,       3
028_0027.png       ,      28
026_0012_j.png     ,      26
054_0095.png       ,      54
028_1_0035.png     ,      28
017_1_0064.png     ,      17
028_1_0025_1_j.png ,      28
026_1_0010.png     ,      26
055_1_0018_1_j.png ,      55
054_0053_j.png     ,      54
055_1_0068.png     ,      55
011_0046_j.png     ,      11
026_1_0028_1_j.png ,      26
054_1_0076_1_j.png ,      54
011_1_0024.png     ,      11
016_0040.png       ,      16
003_1_0027.png     ,       3
043_0027_j.png     ,      43
011_1_0027.png     ,      11
055_1_0027_1_j.png ,      55
035_0007_j.png     ,      35
026_0023.png       ,      26
054_0128.png       ,      54
035_0035.png       ,      35
054_1_0033.png     ,      54
054_1_0121.png     ,      54
028_0144.png       ,      28
017_1_0006_1_j.png ,      17
026_0016.png       ,      26
054_1_0051.png     ,      54
054_0005_j.png     ,      54
005_1_0018.png     ,       5
028_0033_j.png     ,      28
003_0079.png       ,       3
055_1_0043.png     ,      55
035_1_0010.png     ,      35
011_1_0065.png     ,      11
011_1_0047.png     ,      11
028_1_0040.png     ,      28
043_0040.png       ,      43
054_0056_j.png     ,      54
005_0037.png       ,       5
011_0020_j.png     ,      11
028_1_0150.png     ,      28
035_0009.png       ,      35
054_0031.png       ,      54
007_1_0051.png     ,       7
055_0053.png       ,      55
007_1_0023.png     ,       7
054_1_0069.png     ,      54
017_0018.png       ,      17
003_1_0033.png     ,       3
003_1_0030_1_j.png ,       3
028_0187.png       ,      28
043_1_0007.png     ,      43
055_1_0002_1_j.png ,      55
043_0057.png       ,      43
011_1_0026.png     ,      11
028_1_0098.png     ,      28
011_1_0058.png     ,      11
043_1_0034.png     ,      43
028_1_0118.png     ,      28
003_1_0062.png     ,       3
028_1_0171.png     ,      28
035_0039.png       ,      35
016_1_0028_1_j.png ,      16
005_1_0043.png     ,       5
011_1_0056.png     ,      11
054_1_0108.png     ,      54
003_0005_j.png     ,       3
011_0062.png       ,      11
028_0123.png       ,      28
016_1_0008_1_j.png ,      16
028_1_0094.png     ,      28
005_1_0009_1_j.png ,       5
017_0030_j.png     ,      17
011_1_0001_1_j.png ,      11
028_0056.png       ,      28
028_0051.png       ,      28
005_1_0023_1_j.png ,       5
055_1_0072.png     ,      55
055_1_0029.png     ,      55
055_1_0021_1_j.png ,      55
017_1_0009.png     ,      17
011_1_0015_1_j.png ,      11
007_1_0011.png     ,       7
028_1_0139.png     ,      28
011_0065.png       ,      11
005_1_0007.png     ,       5
028_0081.png       ,      28
011_1_0007.png     ,      11
035_1_0013_1_j.png ,      35
055_1_0071.png     ,      55
054_0033_j.png     ,      54
054_0026.png       ,      54
054_1_0052_1_j.png ,      54
028_0083.png       ,      28
054_0029_j.png     ,      54
054_0139.png       ,      54
016_1_0010_1_j.png ,      16
003_0022_j.png     ,       3
026_0057.png       ,      26
007_0001.png       ,       7
026_1_0059_1_j.png ,      26
017_0006.png       ,      17
028_0085.png       ,      28
028_1_0216.png     ,      28
043_1_0006_1_j.png ,      43
028_1_0016.png     ,      28
035_1_0006_1_j.png ,      35
028_0090.png       ,      28
043_0003_j.png     ,      43
017_0012_j.png     ,      17
005_0077.png       ,       5
005_1_0093.png     ,       5
011_1_0063.png     ,      11
043_0014_j.png     ,      43
054_0158.png       ,      54
028_0089.png       ,      28
028_0018.png       ,      28
003_1_0003.png     ,       3
003_0007.png       ,       3
054_0019_j.png     ,      54
005_0073.png       ,       5
026_1_0008_1_j.png ,      26
055_1_0073.png     ,      55
035_0040.png       ,      35
028_1_0054.png     ,      28
026_1_0034_1_j.png ,      26
017_1_0028.png     ,      17
005_0019_j.png     ,       5
035_0046.png       ,      35
028_1_0007.png     ,      28
054_0071_j.png     ,      54
054_0037_j.png     ,      54
028_0206.png       ,      28
005_1_0008_1_j.png ,       5
005_0009.png       ,       5
003_0091.png       ,       3
035_1_0058.png     ,      35
054_1_0031.png     ,      54
016_1_0041.png     ,      16
028_0166.png       ,      28
017_0010.png       ,      17
028_1_0144.png     ,      28
054_1_0089_1_j.png ,      54
028_0139.png       ,      28
035_0001_j.png     ,      35
026_1_0039.png     ,      26
028_0026_j.png     ,      28
007_1_0034.png     ,       7
055_1_0079.png     ,      55
005_0005.png       ,       5
028_1_0037.png     ,      28
043_1_0043.png     ,      43
054_1_0018.png     ,      54
055_1_0004.png     ,      55
016_1_0009.png     ,      16
055_1_0022_1_j.png ,      55
054_0105.png       ,      54
055_0036.png       ,      55
055_0021.png       ,      55
026_1_0029_1_j.png ,      26
017_0063.png       ,      17
054_0140.png       ,      54
005_1_0013.png     ,       5
011_1_0054.png     ,      11
043_1_0035.png     ,      43
016_1_0070.png     ,      16
016_1_0037_1_j.png ,      16
054_0052.png       ,      54
003_0038.png       ,       3
011_0047_j.png     ,      11
054_1_0054_1_j.png ,      54
011_0057.png       ,      11
016_1_0012_1_j.png ,      16
035_0011.png       ,      35
017_0013_j.png     ,      17
017_0009.png       ,      17
026_1_0008.png     ,      26
003_0040.png       ,       3
017_1_0040.png     ,      17
043_1_0001_1_j.png ,      43
003_1_0040.png     ,       3
017_1_0015.png     ,      17
007_1_0073.png     ,       7
054_1_0122.png     ,      54
054_0060_j.png     ,      54
026_0057_j.png     ,      26
026_1_0012.png     ,      26
028_1_0003_1_j.png ,      28
007_0047.png       ,       7
054_0004_j.png     ,      54
028_1_0013_1_j.png ,      28
026_0025_j.png     ,      26
017_0015.png       ,      17
043_1_0033_1_j.png ,      43
017_1_0040.png     ,      17
005_1_0017_1_j.png ,       5
003_1_0014_1_j.png ,       3
028_1_0011_1_j.png ,      28
011_1_0033.png     ,      11
016_1_0015.png     ,      16
007_1_0016_1_j.png ,       7
028_1_0044.png     ,      28
003_1_0030.png     ,       3
028_1_0020.png     ,      28
028_1_0113.png     ,      28
055_0042.png       ,      55
003_0062.png       ,       3
011_0059.png       ,      11
035_1_0066.png     ,      35
055_1_0020.png     ,      55
026_0024.png       ,      26
028_1_0043.png     ,      28
026_1_0043.png     ,      26
028_0024.png       ,      28
028_0163.png       ,      28
011_1_0051_1_j.png ,      11
054_1_0049_1_j.png ,      54
026_0054.png       ,      26
028_1_0023_1_j.png ,      28
035_1_0026_1_j.png ,      35
016_0013.png       ,      16
003_0054.png       ,       3
055_1_0017.png     ,      55
054_0086.png       ,      54
028_0045.png       ,      28
028_1_0072.png     ,      28
003_1_0128.png     ,       3
005_1_0026_1_j.png ,       5
007_0013_j.png     ,       7
035_0020.png       ,      35
003_1_0087.png     ,       3
011_0034.png       ,      11
028_0211.png       ,      28
055_1_0026_1_j.png ,      55
043_0024_j.png     ,      43
017_1_0048.png     ,      17
054_0156.png       ,      54
016_1_0029_1_j.png ,      16
054_0114.png       ,      54
035_0016.png       ,      35
026_1_0045.png     ,      26
055_1_0015.png     ,      55
035_0003_j.png     ,      35
026_1_0054.png     ,      26
026_1_0041.png     ,      26
007_1_0007_1_j.png ,       7
055_0003.png       ,      55
054_1_0040_1_j.png ,      54
016_1_0047.png     ,      16
054_0044_j.png     ,      54
028_0118.png       ,      28
016_0027.png       ,      16
035_0002_j.png     ,      35
028_1_0006.png     ,      28
017_0049.png       ,      17
035_1_0055.png     ,      35
028_0017_j.png     ,      28
011_0016.png       ,      11
043_1_0032_1_j.png ,      43
017_1_0062.png     ,      17
028_1_0130.png     ,      28
028_1_0131.png     ,      28
035_1_0072.png     ,      35
028_1_0151.png     ,      28
016_1_0034.png     ,      16
011_0036_j.png     ,      11
055_1_0031.png     ,      55
028_0162.png       ,      28
011_0026.png       ,      11
005_0055.png       ,       5
005_1_0022_1_j.png ,       5
011_0021_j.png     ,      11
007_1_0041.png     ,       7
005_0083.png       ,       5
026_1_0006_1_j.png ,      26
003_0020_j.png     ,       3
055_0033.png       ,      55
003_1_0016.png     ,       3
003_1_0009_1_j.png ,       3
054_1_0096.png     ,      54
035_1_0046.png     ,      35
016_1_0036.png     ,      16
017_1_0005_1_j.png ,      17
003_0003.png       ,       3
026_1_0030_1_j.png ,      26
005_1_0014_1_j.png ,       5
043_0054.png       ,      43
003_1_0025_1_j.png ,       3
017_1_0041.png     ,      17
055_1_0080.png     ,      55
011_1_0066.png     ,      11
003_0035.png       ,       3
005_0033.png       ,       5
043_1_0042.png     ,      43
028_0019.png       ,      28
017_1_0016_1_j.png ,      17
003_0041.png       ,       3
007_1_0033.png     ,       7
055_0029_j.png     ,      55
003_1_0114.png     ,       3
055_0014.png       ,      55
005_1_0036.png     ,       5
054_1_0056.png     ,      54
028_1_0156.png     ,      28
011_0023.png       ,      11
028_1_0126.png     ,      28
028_0164.png       ,      28
028_1_0140.png     ,      28
054_1_0037.png     ,      54
054_1_0070_1_j.png ,      54
055_0006_j.png     ,      55
016_1_0035.png     ,      16
028_0052.png       ,      28
035_1_0019_1_j.png ,      35
003_1_0120.png     ,       3
005_0065.png       ,       5
005_0008_j.png     ,       5
016_1_0064.png     ,      16
007_1_0074.png     ,       7
003_1_0038.png     ,       3
043_0020_j.png     ,      43
011_1_0034.png     ,      11
016_1_0003.png     ,      16
017_1_0002_1_j.png ,      17
055_1_0036.png     ,      55
003_0016.png       ,       3
035_0058.png       ,      35
007_1_0057.png     ,       7
017_0015_j.png     ,      17
054_1_0148.png     ,      54
011_0054_j.png     ,      11
035_1_0041.png     ,      35
026_0049.png       ,      26
055_1_0009_1_j.png ,      55
028_0161.png       ,      28
026_0060.png       ,      26
054_0064.png       ,      54
005_0020.png       ,       5
003_1_0053.png     ,       3
016_1_0065.png     ,      16
028_1_0125.png     ,      28
016_0063.png       ,      16
016_1_0053.png     ,      16
054_1_0114.png     ,      54
007_0027.png       ,       7
017_1_0019_1_j.png ,      17
005_0058.png       ,       5
011_0007_j.png     ,      11
035_0068.png       ,      35
028_1_0009_1_j.png ,      28
007_1_0062.png     ,       7
011_0036.png       ,      11
026_0032.png       ,      26
003_1_0007.png     ,       3
007_0041.png       ,       7
003_1_0020_1_j.png ,       3
005_0047.png       ,       5
043_1_0004_1_j.png ,      43
028_0066.png       ,      28
054_0059_j.png     ,      54
007_1_0047.png     ,       7
011_1_0047_1_j.png ,      11
028_0028_j.png     ,      28
054_1_0104.png     ,      54
026_1_0009.png     ,      26
054_1_0038_1_j.png ,      54
054_1_0016.png     ,      54
016_0054.png       ,      16
016_0024_j.png     ,      16
035_0045.png       ,      35
026_0019.png       ,      26
028_0001.png       ,      28
054_0046_j.png     ,      54
003_1_0024_1_j.png ,       3
003_1_0085.png     ,       3
017_1_0001.png     ,      17
054_1_0010.png     ,      54
055_0005.png       ,      55
028_1_0222.png     ,      28
028_1_0134.png     ,      28
035_0030.png       ,      35
003_0101.png       ,       3
055_0005_j.png     ,      55
003_1_0042.png     ,       3
003_0107.png       ,       3
035_1_0039.png     ,      35
055_1_0014_1_j.png ,      55
043_0035_j.png     ,      43
035_0005.png       ,      35
028_1_0182.png     ,      28
054_1_0029.png     ,      54
054_0024_j.png     ,      54
043_0001_j.png     ,      43
043_1_0037.png     ,      43
054_1_0080.png     ,      54
011_1_0048_1_j.png ,      11
026_0035.png       ,      26
054_1_0064.png     ,      54
005_1_0041.png     ,       5
035_1_0069.png     ,      35
043_1_0004.png     ,      43
028_0035_j.png     ,      28
054_0098.png       ,      54
054_1_0043.png     ,      54
035_1_0005.png     ,      35
035_1_0038.png     ,      35
005_0090.png       ,       5
007_0018_j.png     ,       7
028_0023_j.png     ,      28
003_0097.png       ,       3
017_0057.png       ,      17
055_0037.png       ,      55
054_1_0053_1_j.png ,      54
055_0047.png       ,      55
028_1_0085.png     ,      28
035_1_0043.png     ,      35
003_1_0019.png     ,       3
003_0029.png       ,       3
035_0052.png       ,      35
028_1_0005_1_j.png ,      28
007_1_0029.png     ,       7
017_1_0045.png     ,      17
028_0095.png       ,      28
035_0055.png       ,      35
026_1_0046.png     ,      26
007_1_0038.png     ,       7
026_1_0026_1_j.png ,      26
005_1_0014.png     ,       5
028_1_0066.png     ,      28
035_1_0030.png     ,      35
007_0022.png       ,       7
003_1_0038.png     ,       3
007_1_0066.png     ,       7
054_1_0011.png     ,      54
054_0045_j.png     ,      54
028_1_0021_1_j.png ,      28
026_0007_j.png     ,      26
005_1_0025_1_j.png ,       5
017_1_0060.png     ,      17
026_1_0018_1_j.png ,      26
043_0010.png       ,      43
054_0009.png       ,      54
017_1_0039.png     ,      17
028_1_0116.png     ,      28
035_1_0009_1_j.png ,      35
028_1_0206.png     ,      28
054_0085.png       ,      54
005_1_0001.png     ,       5
028_1_0077.png     ,      28
017_0026.png       ,      17
054_1_0041.png     ,      54
017_0029.png       ,      17
003_1_0106.png     ,       3
005_1_0075.png     ,       5
007_1_0071.png     ,       7
054_0010_j.png     ,      54
028_1_0133.png     ,      28
007_0005.png       ,       7
017_0028.png       ,      17
017_1_0046.png     ,      17
028_1_0028_1_j.png ,      28
054_1_0052.png     ,      54
054_1_0075_1_j.png ,      54
011_1_0045.png     ,      11
054_1_0046.png     ,      54
017_0004.png       ,      17
054_0043.png       ,      54
055_1_0002.png     ,      55
054_0028.png       ,      54
054_1_0073_1_j.png ,      54
054_0022.png       ,      54
007_1_0043.png     ,       7
054_1_0157.png     ,      54
007_0006_j.png     ,       7
028_0189.png       ,      28
028_0031_j.png     ,      28
005_1_0068.png     ,       5
003_0081.png       ,       3
017_0033.png       ,      17
054_0146.png       ,      54
011_1_0055.png     ,      11
054_1_0042_1_j.png ,      54
007_1_0010_1_j.png ,       7
003_1_0015_1_j.png ,       3
028_1_0081.png     ,      28
028_1_0026.png     ,      28
011_0016_j.png     ,      11
011_0032.png       ,      11
011_1_0050.png     ,      11
003_1_0052.png     ,       3
003_1_0035.png     ,       3
026_0034.png       ,      26
005_1_0011.png     ,       5
017_0036.png       ,      17
016_0053.png       ,      16
054_0143.png       ,      54
017_0012.png       ,      17
003_1_0013_1_j.png ,       3
028_0038.png       ,      28
054_1_0088_1_j.png ,      54
028_1_0032.png     ,      28
028_0108.png       ,      28
003_1_0040.png     ,       3
011_0042.png       ,      11
016_0002_j.png     ,      16
043_1_0009_1_j.png ,      43
028_0030_j.png     ,      28
028_1_0161.png     ,      28
028_0014_j.png     ,      28
043_1_0018_1_j.png ,      43
017_1_0035.png     ,      17
007_1_0013_1_j.png ,       7
011_0010.png       ,      11
003_0055.png       ,       3
028_0170.png       ,      28
054_1_0092.png     ,      54
035_0026_j.png     ,      35
026_1_0019_1_j.png ,      26
028_1_0188.png     ,      28
055_0007.png       ,      55
011_0061.png       ,      11
035_0024_j.png     ,      35
017_1_0053.png     ,      17
007_1_0004_1_j.png ,       7
054_0009_j.png     ,      54
003_0013_j.png     ,       3
054_1_0154.png     ,      54
005_0080.png       ,       5
028_1_0106.png     ,      28
007_1_0058.png     ,       7
011_0024_j.png     ,      11
011_0063.png       ,      11
054_1_0079_1_j.png ,      54
054_1_0065.png     ,      54
003_1_0012_1_j.png ,       3
017_1_0042.png     ,      17
026_1_0042_1_j.png ,      26
016_0028.png       ,      16
003_1_0027_1_j.png ,       3
003_1_0018.png     ,       3
055_1_0023.png     ,      55
016_0049.png       ,      16
011_0058.png       ,      11
011_0039_j.png     ,      11
054_0112.png       ,      54
028_0008_j.png     ,      28
007_0073.png       ,       7
011_1_0010_1_j.png ,      11
043_1_0038.png     ,      43
054_1_0066.png     ,      54
043_1_0041.png     ,      43
054_0011_j.png     ,      54
028_0129.png       ,      28
055_0018.png       ,      55
016_0004_j.png     ,      16
028_1_0015.png     ,      28
003_0025.png       ,       3
055_1_0029_1_j.png ,      55
035_0028.png       ,      35
035_1_0009.png     ,      35
043_0053.png       ,      43
011_1_0016.png     ,      11
054_0055_j.png     ,      54
011_0011_j.png     ,      11
054_0161.png       ,      54
055_0027_j.png     ,      55
005_0042.png       ,       5
043_0047.png       ,      43
054_1_0001.png     ,      54
043_0022.png       ,      43
043_0003.png       ,      43
011_0009_j.png     ,      11
054_1_0086.png     ,      54
055_1_0054.png     ,      55
017_0056.png       ,      17
028_0184.png       ,      28
011_0008_j.png     ,      11
005_1_0004_1_j.png ,       5
028_0104.png       ,      28
054_0002_j.png     ,      54
026_0030_j.png     ,      26
035_1_0054.png     ,      35
028_0040.png       ,      28
017_0025_j.png     ,      17
043_1_0016_1_j.png ,      43
011_1_0021_1_j.png ,      11
028_0178.png       ,      28
043_1_0038.png     ,      43
003_0126.png       ,       3
035_1_0026.png     ,      35
017_1_0007.png     ,      17
005_0012.png       ,       5
011_0037.png       ,      11
026_0024_j.png     ,      26
011_0058.png       ,      11
028_1_0215.png     ,      28
054_1_0053.png     ,      54
005_0019.png       ,       5
005_0002.png       ,       5
035_0061.png       ,      35
055_0011_j.png     ,      55
007_1_0048.png     ,       7
055_1_0026.png     ,      55
003_0011.png       ,       3
054_0058.png       ,      54
028_1_0143.png     ,      28
028_0084.png       ,      28
011_0004.png       ,      11
054_1_0047_1_j.png ,      54
003_0094.png       ,       3
003_0129.png       ,       3
043_1_0035_1_j.png ,      43
055_1_0034.png     ,      55
028_1_0034_1_j.png ,      28
028_0150.png       ,      28
043_0013.png       ,      43
054_0036.png       ,      54
028_0182.png       ,      28
035_0016_j.png     ,      35
028_0115.png       ,      28
026_0043_j.png     ,      26
005_1_0071.png     ,       5
028_0107.png       ,      28
028_1_0014_1_j.png ,      28
017_0002.png       ,      17
055_1_0019.png     ,      55
011_0023_j.png     ,      11
016_0062.png       ,      16
028_0009_j.png     ,      28
005_0071.png       ,       5
011_1_0063.png     ,      11
043_0025.png       ,      43
005_1_0037.png     ,       5
028_1_0061.png     ,      28
035_1_0014_1_j.png ,      35
026_1_0010_1_j.png ,      26
043_1_0019_1_j.png ,      43
017_1_0024_1_j.png ,      17
016_0003_j.png     ,      16
026_0054_j.png     ,      26
054_1_0060_1_j.png ,      54
028_0220.png       ,      28
028_1_0178.png     ,      28
011_0030.png       ,      11
028_1_0022.png     ,      28
055_0071.png       ,      55
016_1_0011_1_j.png ,      16
043_0021.png       ,      43
055_0017_j.png     ,      55
028_1_0217.png     ,      28
054_1_0143.png     ,      54
011_1_0054_1_j.png ,      11
028_0138.png       ,      28
007_0028.png       ,       7
017_0042.png       ,      17
055_1_0010.png     ,      55
055_1_0046.png     ,      55
028_1_0163.png     ,      28
054_0107.png       ,      54
028_0020.png       ,      28
055_0004_j.png     ,      55
003_1_0002.png     ,       3
003_0078.png       ,       3
028_1_0079.png     ,      28
007_1_0060.png     ,       7
017_0039.png       ,      17
028_0101.png       ,      28
055_1_0051.png     ,      55
043_0049.png       ,      43
054_0136.png       ,      54
017_1_0032.png     ,      17
028_0105.png       ,      28
017_0043.png       ,      17
055_0077.png       ,      55
035_1_0020_1_j.png ,      35
005_0032.png       ,       5
028_0158.png       ,      28
003_1_0019_1_j.png ,       3
054_0006.png       ,      54
043_0055.png       ,      43
035_1_0024.png     ,      35
026_1_0051.png     ,      26
016_0060.png       ,      16
055_0029.png       ,      55
028_0193.png       ,      28
054_1_0138.png     ,      54
035_1_0035.png     ,      35
055_0067.png       ,      55
017_1_0002.png     ,      17
003_1_0006_1_j.png ,       3
026_0004_j.png     ,      26
054_0091.png       ,      54
028_1_0087.png     ,      28
028_0024_j.png     ,      28
026_0058_j.png     ,      26
028_0192.png       ,      28
003_0030.png       ,       3
043_1_0051.png     ,      43
028_1_0065.png     ,      28
007_1_0026.png     ,       7
011_1_0042.png     ,      11
035_0043.png       ,      35
028_1_0051.png     ,      28
003_1_0009.png     ,       3
028_0167.png       ,      28
028_0077.png       ,      28
026_1_0021.png     ,      26
003_1_0005_1_j.png ,       3
007_0065.png       ,       7
028_1_0164.png     ,      28
043_1_0017_1_j.png ,      43
005_0021_j.png     ,       5
028_1_0214.png     ,      28
003_0112.png       ,       3
005_1_0086.png     ,       5
003_1_0094.png     ,       3
007_1_0059.png     ,       7
054_0057_j.png     ,      54
054_1_0074.png     ,      54
017_0028_j.png     ,      17
035_1_0032.png     ,      35
043_1_0025_1_j.png ,      43
054_1_0136.png     ,      54
017_1_0011_1_j.png ,      17
054_0062_j.png     ,      54
011_0056.png       ,      11
003_1_0064.png     ,       3
017_1_0017_1_j.png ,      17
011_0019_j.png     ,      11
028_1_0046.png     ,      28
026_0014_j.png     ,      26
003_0117.png       ,       3
007_0057.png       ,       7
028_0120.png       ,      28
003_0004.png       ,       3
003_0075.png       ,       3
028_0006.png       ,      28
005_1_0027.png     ,       5
003_0006.png       ,       3
016_1_0009_1_j.png ,      16
011_1_0060.png     ,      11
003_1_0098.png     ,       3
016_0006.png       ,      16
003_1_0112.png     ,       3
043_0030_j.png     ,      43
016_1_0031.png     ,      16
054_1_0009.png     ,      54
043_1_0023.png     ,      43
026_0037.png       ,      26
026_1_0052.png     ,      26
054_1_0071_1_j.png ,      54
055_1_0005_1_j.png ,      55
043_1_0023_1_j.png ,      43
054_1_0047.png     ,      54
028_1_0014.png     ,      28
043_1_0049.png     ,      43
035_1_0021.png     ,      35
028_1_0003.png     ,      28
028_0078.png       ,      28
017_0030.png       ,      17
026_0051.png       ,      26
043_0007.png       ,      43
007_0035.png       ,       7
054_0006_j.png     ,      54
026_0004.png       ,      26
003_0110.png       ,       3
035_0012.png       ,      35
043_0015_j.png     ,      43
016_1_0040.png     ,      16
054_0108.png       ,      54
003_1_0102.png     ,       3
003_0067.png       ,       3
054_0069_j.png     ,      54
028_1_0099.png     ,      28
028_1_0219.png     ,      28
005_1_0095.png     ,       5
003_0125.png       ,       3
028_1_0160.png     ,      28
016_1_0017_1_j.png ,      16
054_0134.png       ,      54
028_1_0004.png     ,      28
055_0078.png       ,      55
043_1_0022_1_j.png ,      43
028_1_0102.png     ,      28
005_1_0044.png     ,       5
026_0039_j.png     ,      26
054_0034_j.png     ,      54
043_0016_j.png     ,      43
054_0046.png       ,      54
028_0022.png       ,      28
035_1_0065.png     ,      35
011_1_0059.png     ,      11
026_0031_j.png     ,      26
011_1_0034_1_j.png ,      11
011_1_0038_1_j.png ,      11
011_1_0023.png     ,      11
017_0059.png       ,      17
043_1_0008.png     ,      43
005_0021.png       ,       5
028_1_0152.png     ,      28
003_0028.png       ,       3
005_1_0033.png     ,       5
005_1_0080.png     ,       5
007_1_0061.png     ,       7
003_0056.png       ,       3
007_0026_j.png     ,       7
003_1_0030.png     ,       3
054_1_0016_1_j.png ,      54
017_0001.png       ,      17
055_1_0030_1_j.png ,      55
007_0037.png       ,       7
028_1_0082.png     ,      28
017_0005.png       ,      17
011_1_0058.png     ,      11
003_1_0022_1_j.png ,       3
003_0048.png       ,       3
003_0106.png       ,       3
035_1_0052.png     ,      35
016_0021.png       ,      16
035_0023.png       ,      35
028_1_0032_1_j.png ,      28
016_1_0016.png     ,      16
055_0073.png       ,      55
035_0033.png       ,      35
028_0086.png       ,      28
028_0004.png       ,      28
016_0043.png       ,      16
028_0218.png       ,      28
054_1_0021_1_j.png ,      54
005_1_0078.png     ,       5
035_0017.png       ,      35
017_0023_j.png     ,      17
054_1_0117.png     ,      54
007_0016.png       ,       7
017_1_0043.png     ,      17
054_1_0002.png     ,      54
003_0061.png       ,       3
054_1_0028_1_j.png ,      54
007_1_0008.png     ,       7
003_0092.png       ,       3
007_1_0003.png     ,       7
028_0137.png       ,      28
003_0008_j.png     ,       3
026_1_0037_1_j.png ,      26
005_0016.png       ,       5
011_1_0040.png     ,      11
028_0185.png       ,      28
028_1_0019.png     ,      28
055_1_0078.png     ,      55
007_0021_j.png     ,       7
028_1_0185.png     ,      28
054_1_0134.png     ,      54
003_0043.png       ,       3
028_1_0200.png     ,      28
003_1_0075.png     ,       3
017_1_0026_1_j.png ,      17
028_1_0127.png     ,      28
003_0069.png       ,       3
028_0125.png       ,      28
054_0020.png       ,      54
028_1_0002_1_j.png ,      28
003_1_0008.png     ,       3
011_0007.png       ,      11
028_1_0207.png     ,      28
028_1_0155.png     ,      28
007_0019_j.png     ,       7
005_0004_j.png     ,       5
011_1_0027_1_j.png ,      11
043_0041.png       ,      43
003_1_0036.png     ,       3
003_1_0118.png     ,       3
017_0055.png       ,      17
028_1_0042.png     ,      28
005_1_0006.png     ,       5
043_0017.png       ,      43
017_1_0018.png     ,      17
028_1_0172.png     ,      28
017_0053.png       ,      17
055_1_0039.png     ,      55
028_1_0177.png     ,      28
005_0086.png       ,       5
028_1_0149.png     ,      28
005_1_0015_1_j.png ,       5
055_1_0028.png     ,      55
054_1_0020_1_j.png ,      54
035_1_0010_1_j.png ,      35
028_0098.png       ,      28
007_0023_j.png     ,       7
005_0045.png       ,       5
003_1_0105.png     ,       3
054_1_0115.png     ,      54
028_1_0078.png     ,      28
003_0037.png       ,       3
007_1_0006_1_j.png ,       7
028_1_0192.png     ,      28
005_0093.png       ,       5
007_1_0010.png     ,       7
003_1_0119.png     ,       3
028_0006_j.png     ,      28
026_1_0022.png     ,      26
028_1_0169.png     ,      28
028_1_0108.png     ,      28
054_1_0129.png     ,      54
054_1_0072.png     ,      54
054_1_0018_1_j.png ,      54
005_1_0008.png     ,       5
017_1_0022_1_j.png ,      17
007_1_0052.png     ,       7
054_0039.png       ,      54
054_1_0125.png     ,      54
028_1_0074.png     ,      28
028_0151.png       ,      28
055_0070.png       ,      55
016_1_0039.png     ,      16
003_0082.png       ,       3
054_0066.png       ,      54
017_1_0013_1_j.png ,      17
028_0143.png       ,      28
026_0053_j.png     ,      26
028_1_0025.png     ,      28
005_1_0035.png     ,       5
005_1_0072.png     ,       5
005_0089.png       ,       5
005_0041.png       ,       5
054_0076.png       ,      54
028_1_0179.png     ,      28
026_0018_j.png     ,      26
055_0061.png       ,      55
007_1_0025.png     ,       7
016_1_0003_1_j.png ,      16
003_0063.png       ,       3
011_0062.png       ,      11
054_1_0030_1_j.png ,      54
055_0059.png       ,      55
016_1_0025_1_j.png ,      16
003_1_0093.png     ,       3
028_1_0220.png     ,      28
005_0030.png       ,       5
028_0073.png       ,      28
054_1_0035.png     ,      54
055_0072.png       ,      55
054_1_0106.png     ,      54
054_0043_j.png     ,      54
003_0010.png       ,       3
043_0031.png       ,      43
028_0194.png       ,      28
028_0088.png       ,      28
007_1_0045.png     ,       7
003_1_0125.png     ,       3
026_0002_j.png     ,      26
005_0046.png       ,       5
026_1_0029.png     ,      26
011_1_0065.png     ,      11
043_1_0002.png     ,      43
028_1_0062.png     ,      28
054_0044.png       ,      54
016_0025_j.png     ,      16
043_0002_j.png     ,      43
028_0196.png       ,      28
007_1_0075.png     ,       7
003_0041.png       ,       3
011_1_0010.png     ,      11
005_0002_j.png     ,       5
054_1_0004.png     ,      54
017_1_0031.png     ,      17
016_1_0039_1_j.png ,      16
011_1_0039_1_j.png ,      11
005_0029.png       ,       5
007_1_0004.png     ,       7
005_0014.png       ,       5
011_0040_j.png     ,      11
017_1_0013.png     ,      17
011_1_0043_1_j.png ,      11
005_1_0030.png     ,       5
017_1_0055.png     ,      17
054_1_0132.png     ,      54
026_0059.png       ,      26
016_1_0019_1_j.png ,      16
028_1_0121.png     ,      28
026_1_0003.png     ,      26
054_1_0095.png     ,      54
016_1_0013_1_j.png ,      16
026_1_0017_1_j.png ,      26
016_1_0015_1_j.png ,      16
054_1_0067_1_j.png ,      54
003_0030_j.png     ,       3
016_1_0043.png     ,      16
011_0024.png       ,      11
028_0102.png       ,      28
028_0025_j.png     ,      28
054_1_0141.png     ,      54
028_1_0132.png     ,      28
003_1_0004.png     ,       3
016_1_0012.png     ,      16
011_0006_j.png     ,      11
011_0001_j.png     ,      11
011_0033.png       ,      11
026_0041.png       ,      26
016_0015_j.png     ,      16
005_1_0092.png     ,       5
055_0020_j.png     ,      55
035_1_0027_1_j.png ,      35
028_1_0021.png     ,      28
035_0020_j.png     ,      35
028_0208.png       ,      28
017_1_0043.png     ,      17
011_1_0035.png     ,      11
011_0038.png       ,      11
055_1_0049.png     ,      55
043_1_0017.png     ,      43
026_1_0001_1_j.png ,      26
054_1_0079.png     ,      54
054_1_0060.png     ,      54
054_1_0007.png     ,      54
007_0064.png       ,       7
003_1_0043.png     ,       3
003_0039.png       ,       3
055_0063.png       ,      55
007_1_0050.png     ,       7
003_0090.png       ,       3
055_0007_j.png     ,      55
016_0006_j.png     ,      16
054_0123.png       ,      54
054_1_0091.png     ,      54
028_0076.png       ,      28
016_1_0026.png     ,      16
017_0048.png       ,      17
003_1_0086.png     ,       3
005_1_0065.png     ,       5
026_0065_j.png     ,      26
005_1_0059.png     ,       5
054_0129.png       ,      54
028_0106.png       ,      28
017_1_0047.png     ,      17
026_0030.png       ,      26
035_1_0045.png     ,      35
054_0085_j.png     ,      54
028_1_0103.png     ,      28
026_0050.png       ,      26
016_0018_j.png     ,      16
054_0018.png       ,      54
017_0011_j.png     ,      17
028_0022_j.png     ,      28
054_1_0032.png     ,      54
026_0061_j.png     ,      26
016_1_0068.png     ,      16
026_0052.png       ,      26
043_1_0032.png     ,      43
011_0026_j.png     ,      11
043_1_0030_1_j.png ,      43
007_0011_j.png     ,       7
054_0042.png       ,      54
003_1_0104.png     ,       3
007_1_0068.png     ,       7
055_1_0020_1_j.png ,      55
016_1_0027.png     ,      16
055_0028_j.png     ,      55
035_1_0007_1_j.png ,      35
016_0010_j.png     ,      16
016_0008.png       ,      16
028_1_0183.png     ,      28
016_0005.png       ,      16
043_1_0011_1_j.png ,      43
016_1_0038.png     ,      16
026_0003.png       ,      26
054_0124.png       ,      54
011_1_0025.png     ,      11
003_1_0014.png     ,       3
055_1_0074.png     ,      55
011_0060.png       ,      11
007_1_0053.png     ,       7
055_0043.png       ,      55
043_0036.png       ,      43
003_0034.png       ,       3
003_0076.png       ,       3
043_0027.png       ,      43
005_0052.png       ,       5
054_1_0048.png     ,      54
028_0029_j.png     ,      28
054_1_0086_1_j.png ,      54
005_0053.png       ,       5
017_1_0025.png     ,      17
054_0154.png       ,      54
028_0153.png       ,      28
007_0008.png       ,       7
028_1_0136.png     ,      28
017_0021.png       ,      17
028_0070.png       ,      28
011_1_0013.png     ,      11
055_1_0040.png     ,      55
035_0059.png       ,      35
026_0058.png       ,      26
003_0037.png       ,       3
054_0047.png       ,      54
054_1_0040.png     ,      54
028_1_0170.png     ,      28
054_1_0058.png     ,      54
011_0050_j.png     ,      11
026_1_0019.png     ,      26
016_0064.png       ,      16
054_0122.png       ,      54
028_1_0010_1_j.png ,      28
043_0038.png       ,      43
028_0142.png       ,      28
007_1_0012.png     ,       7
054_0144.png       ,      54
007_1_0064.png     ,       7
005_0064.png       ,       5
026_0027.png       ,      26
026_0034_j.png     ,      26
011_0035.png       ,      11
007_0029.png       ,       7
003_0114.png       ,       3
005_0069.png       ,       5
026_0010_j.png     ,      26
043_1_0048.png     ,      43
055_1_0070.png     ,      55
003_0089.png       ,       3
054_1_0128.png     ,      54
028_1_0109.png     ,      28
007_0014_j.png     ,       7
043_1_0039.png     ,      43
026_0015_j.png     ,      26
003_0012.png       ,       3
035_1_0005_1_j.png ,      35
003_0012_j.png     ,       3
016_0009.png       ,      16
016_1_0062.png     ,      16
017_0036.png       ,      17
055_0002.png       ,      55
055_0001.png       ,      55
054_0074.png       ,      54
054_0072_j.png     ,      54
026_1_0016.png     ,      26
035_0012_j.png     ,      35
054_0073.png       ,      54
054_1_0082.png     ,      54
026_1_0005_1_j.png ,      26
011_0061.png       ,      11
028_0012_j.png     ,      28
011_1_0036.png     ,      11
005_1_0056.png     ,       5
035_0042.png       ,      35
028_0030.png       ,      28
003_1_0021_1_j.png ,       3
054_1_0014.png     ,      54
005_1_0070.png     ,       5
017_1_0008.png     ,      17
011_1_0023_1_j.png ,      11
054_0152.png       ,      54
055_0009.png       ,      55
055_0004.png       ,      55
054_0145.png       ,      54
054_1_0076.png     ,      54
028_0029.png       ,      28
043_0022_j.png     ,      43
028_0033.png       ,      28
028_1_0097.png     ,      28
005_0013.png       ,       5
055_0054.png       ,      55
017_0037.png       ,      17
026_0020_j.png     ,      26
005_0013_j.png     ,       5
035_1_0047.png     ,      35
043_0014.png       ,      43
043_1_0015.png     ,      43
035_0002.png       ,      35
016_0028_j.png     ,      16
054_0038_j.png     ,      54
011_0030_j.png     ,      11
028_0021.png       ,      28
028_1_0168.png     ,      28
011_1_0016_1_j.png ,      11
016_0034.png       ,      16
054_0032_j.png     ,      54
054_0080.png       ,      54
011_1_0004_1_j.png ,      11
026_0064_j.png     ,      26
003_1_0024.png     ,       3
054_1_0069_1_j.png ,      54
054_1_0012.png     ,      54
005_1_0018_1_j.png ,       5
017_1_0023_1_j.png ,      17
007_1_0040.png     ,       7
016_0013_j.png     ,      16
011_1_0037.png     ,      11
005_1_0047.png     ,       5
005_0022_j.png     ,       5
016_1_0013.png     ,      16
016_0061.png       ,      16
054_1_0024.png     ,      54
005_1_0067.png     ,       5
007_0046.png       ,       7
054_1_0090.png     ,      54
026_0049_j.png     ,      26
011_1_0020_1_j.png ,      11
028_0181.png       ,      28
016_1_0021.png     ,      16
054_1_0013.png     ,      54
055_0006.png       ,      55
003_0116.png       ,       3
007_0001_j.png     ,       7
054_1_0045_1_j.png ,      54
028_1_0002.png     ,      28
016_0023.png       ,      16
028_0059.png       ,      28
011_0040.png       ,      11
003_0119.png       ,       3
007_0068.png       ,       7
054_1_0009_1_j.png ,      54
054_0051_j.png     ,      54
055_1_0061.png     ,      55
007_0048.png       ,       7
005_0026.png       ,       5
003_0038.png       ,       3
054_0040.png       ,      54
054_1_0045.png     ,      54
054_1_0088.png     ,      54
003_0047.png       ,       3
011_0065.png       ,      11
011_1_0017.png     ,      11
007_1_0009_1_j.png ,       7
016_0020_j.png     ,      16
016_0068.png       ,      16
003_0005.png       ,       3
026_1_0042.png     ,      26
035_0048.png       ,      35
055_0075.png       ,      55
043_0026.png       ,      43
016_0019.png       ,      16
011_0047.png       ,      11
007_1_0018.png     ,       7
026_1_0033_1_j.png ,      26
035_1_0011.png     ,      35
043_1_0012_1_j.png ,      43
035_1_0020.png     ,      35
028_0002_j.png     ,      28
016_1_0019.png     ,      16
005_1_0012_1_j.png ,       5
003_0051.png       ,       3
011_0063.png       ,      11
028_1_0010.png     ,      28
054_0110.png       ,      54
028_0072.png       ,      28
011_0043.png       ,      11
016_0057.png       ,      16
016_1_0037.png     ,      16
043_1_0012.png     ,      43
028_0156.png       ,      28
011_0044_j.png     ,      11
054_0038.png       ,      54
005_0056.png       ,       5
043_0012_j.png     ,      43
035_1_0027.png     ,      35
003_0020.png       ,       3
007_1_0021.png     ,       7
003_0036.png       ,       3
054_1_0124.png     ,      54
055_0030.png       ,      55
054_1_0050.png     ,      54
005_1_0079.png     ,       5
035_1_0018_1_j.png ,      35
011_1_0061.png     ,      11
028_0091.png       ,      28
028_0140.png       ,      28
005_1_0096.png     ,       5
054_0142.png       ,      54
026_1_0023_1_j.png ,      26
055_1_0060.png     ,      55
003_1_0115.png     ,       3
007_1_0020_1_j.png ,       7
017_0004_j.png     ,      17
043_1_0030.png     ,      43
003_1_0025.png     ,       3
026_1_0004_1_j.png ,      26
054_1_0075.png     ,      54
007_0038.png       ,       7
054_0069.png       ,      54
055_0079.png       ,      55
017_1_0006.png     ,      17
005_1_0007_1_j.png ,       5
055_1_0062.png     ,      55
028_0009.png       ,      28
028_0065.png       ,      28
028_1_0092.png     ,      28
003_0127.png       ,       3
055_1_0004_1_j.png ,      55
028_1_0031.png     ,      28
054_1_0149.png     ,      54
011_0053_j.png     ,      11
055_1_0001_1_j.png ,      55
003_1_0061.png     ,       3
016_1_0011.png     ,      16
011_0066.png       ,      11
007_1_0036.png     ,       7
007_0019.png       ,       7
003_1_0051.png     ,       3
003_0029_j.png     ,       3
043_1_0037.png     ,      43
054_1_0062_1_j.png ,      54
016_0003.png       ,      16
055_0020.png       ,      55
055_1_0001.png     ,      55
043_0018_j.png     ,      43
016_0012.png       ,      16
043_1_0018.png     ,      43
028_0010_j.png     ,      28
016_1_0006_1_j.png ,      16
003_0017.png       ,       3
055_1_0007_1_j.png ,      55
005_0009_j.png     ,       5
007_0070.png       ,       7
054_0065_j.png     ,      54
054_1_0013_1_j.png ,      54
026_0015.png       ,      26
011_0032_j.png     ,      11
054_1_0100.png     ,      54
035_0064.png       ,      35
011_0008.png       ,      11
003_1_0095.png     ,       3
028_1_0101.png     ,      28
028_0047.png       ,      28
043_0020.png       ,      43
055_0016_j.png     ,      55
035_0014.png       ,      35
028_1_0112.png     ,      28
026_1_0011_1_j.png ,      26
054_0133.png       ,      54
011_1_0053_1_j.png ,      11
005_1_0029.png     ,       5
011_0027_j.png     ,      11
055_1_0003_1_j.png ,      55
054_0071.png       ,      54
007_0051.png       ,       7
054_1_0065_1_j.png ,      54
016_0019_j.png     ,      16
016_1_0029.png     ,      16
017_0010_j.png     ,      17
054_0076_j.png     ,      54
026_0038.png       ,      26
055_1_0050.png     ,      55
017_0025.png       ,      17
055_0069.png       ,      55
054_1_0023.png     ,      54
026_1_0050.png     ,      26
003_1_0031.png     ,       3
026_1_0022_1_j.png ,      26
011_0029_j.png     ,      11
054_1_0044.png     ,      54
055_1_0044.png     ,      55
011_1_0018.png     ,      11
028_0169.png       ,      28
054_1_0135.png     ,      54
028_0134.png       ,      28
028_0005_j.png     ,      28
003_0098.png       ,       3
055_0028.png       ,      55
043_0010_j.png     ,      43
003_1_0123.png     ,       3
003_0103.png       ,       3
017_0041.png       ,      17
017_0039.png       ,      17
026_0033_j.png     ,      26
005_1_0024_1_j.png ,       5
007_0040.png       ,       7
026_1_0014_1_j.png ,      26
028_1_0128.png     ,      28
028_0004_j.png     ,      28
005_0060.png       ,       5
016_1_0025.png     ,      16
028_1_0026_1_j.png ,      28
054_1_0038.png     ,      54
026_0067_j.png     ,      26
028_1_0083.png     ,      28
054_0075_j.png     ,      54
055_0046.png       ,      55
005_1_0012.png     ,       5
035_0038.png       ,      35
017_0051.png       ,      17
054_1_0118.png     ,      54
028_1_0075.png     ,      28
011_1_0021.png     ,      11
055_1_0047.png     ,      55
007_0036.png       ,       7
035_1_0002_1_j.png ,      35
054_1_0056_1_j.png ,      54
028_0035.png       ,      28
003_0032.png       ,       3
026_0019_j.png     ,      26
017_0034.png       ,      17
028_0003_j.png     ,      28
028_0219.png       ,      28
043_1_0014.png     ,      43
028_0050.png       ,      28
007_0052.png       ,       7
055_1_0015_1_j.png ,      55
035_1_0044.png     ,      35
043_0052.png       ,      43
055_0031.png       ,      55
028_0209.png       ,      28
054_1_0150.png     ,      54
005_1_0048.png     ,       5
028_0093.png       ,      28
026_1_0052_1_j.png ,      26
054_1_0085.png     ,      54
003_1_0017.png     ,       3
026_0044.png       ,      26
028_1_0011.png     ,      28
017_1_0029.png     ,      17
035_1_0012_1_j.png ,      35
055_1_0066.png     ,      55
054_0015_j.png     ,      54
054_0147.png       ,      54
007_0071.png       ,       7
028_0042.png       ,      28
043_1_0005.png     ,      43
003_1_0057.png     ,       3
016_1_0018.png     ,      16
007_0021.png       ,       7
028_1_0218.png     ,      28
054_0135.png       ,      54
028_0180.png       ,      28
054_0042_j.png     ,      54
003_1_0068.png     ,       3
054_1_0105.png     ,      54
035_0060.png       ,      35
003_0021_j.png     ,       3
007_1_0002_1_j.png ,       7
005_0057.png       ,       5
003_0122.png       ,       3
003_1_0073.png     ,       3
011_0045.png       ,      11
035_0031.png       ,      35
017_0035.png       ,      17
026_1_0051_1_j.png ,      26
026_1_0013_1_j.png ,      26
055_1_0057.png     ,      55
026_1_0025_1_j.png ,      26
055_1_0042.png     ,      55
016_1_0024.png     ,      16
026_0046_j.png     ,      26
035_0018_j.png     ,      35
028_0010.png       ,      28
011_0064.png       ,      11
026_1_0037.png     ,      26
035_0004.png       ,      35
007_0053.png       ,       7
003_0002.png       ,       3
028_1_0187.png     ,      28
007_1_0035.png     ,       7
055_1_0067.png     ,      55
054_0012_j.png     ,      54
026_0021_j.png     ,      26
017_0016.png       ,      17
055_0058.png       ,      55
043_0024.png       ,      43
026_0031.png       ,      26
028_0103.png       ,      28
016_1_0008.png     ,      16
055_1_0027.png     ,      55
026_0016_j.png     ,      26
028_1_0023.png     ,      28
007_0075.png       ,       7
007_1_0020.png     ,       7
016_1_0020_1_j.png ,      16
003_1_0003_1_j.png ,       3
007_0060.png       ,       7
017_0029_j.png     ,      17
017_1_0033.png     ,      17
007_1_0046.png     ,       7
017_0007.png       ,      17
028_0016.png       ,      28
011_0045_j.png     ,      11
054_0012.png       ,      54
054_0017.png       ,      54
017_0031.png       ,      17
017_1_0059.png     ,      17
017_0003_j.png     ,      17
028_1_0008_1_j.png ,      28
026_0007.png       ,      26
028_1_0064.png     ,      28
026_0040.png       ,      26
026_0048_j.png     ,      26
017_1_0014.png     ,      17
055_1_0053.png     ,      55
055_1_0076.png     ,      55
026_0028_j.png     ,      26
011_1_0060.png     ,      11
011_0006.png       ,      11
054_0030.png       ,      54
054_0073_j.png     ,      54
026_1_0044.png     ,      26
043_0058.png       ,      43
054_0065.png       ,      54
043_1_0020_1_j.png ,      43
028_0068.png       ,      28
054_1_0082_1_j.png ,      54
026_1_0040_1_j.png ,      26
016_1_0054.png     ,      16
043_0025_j.png     ,      43
016_0002.png       ,      16
005_0003_j.png     ,       5
026_0063_j.png     ,      26
054_0132.png       ,      54
055_1_0016.png     ,      55
043_1_0026.png     ,      43
028_0008.png       ,      28
028_0173.png       ,      28
003_0095.png       ,       3
011_1_0028_1_j.png ,      11
005_1_0001_1_j.png ,       5
054_0126.png       ,      54
011_1_0005.png     ,      11
017_1_0038.png     ,      17
054_1_0113.png     ,      54
028_0131.png       ,      28
011_1_0046_1_j.png ,      11
003_1_0077.png     ,       3
005_0049.png       ,       5
054_1_0017.png     ,      54
011_1_0011.png     ,      11
005_0054.png       ,       5
054_0150.png       ,      54
055_1_0005.png     ,      55
011_1_0036_1_j.png ,      11
054_0027.png       ,      54
017_1_0039.png     ,      17
043_1_0056.png     ,      43
011_0033_j.png     ,      11
026_1_0018.png     ,      26
054_0109.png       ,      54
028_0145.png       ,      28
054_0067.png       ,      54
028_1_0173.png     ,      28
011_0014.png       ,      11
028_0002.png       ,      28
035_1_0017_1_j.png ,      35
005_1_0090.png     ,       5
054_1_0044_1_j.png ,      54
054_1_0029_1_j.png ,      54
054_1_0151.png     ,      54
007_1_0015_1_j.png ,       7
028_0113.png       ,      28
003_1_0071.png     ,       3
028_1_0209.png     ,      28
054_1_0024_1_j.png ,      54
028_1_0115.png     ,      28
054_0078_j.png     ,      54
035_0015.png       ,      35
028_0044.png       ,      28
005_0035.png       ,       5
035_0069.png       ,      35
005_0070.png       ,       5
026_1_0016_1_j.png ,      26
005_0048.png       ,       5
043_1_0036.png     ,      43
026_0033.png       ,      26
016_1_0033.png     ,      16
054_1_0059_1_j.png ,      54
026_0006.png       ,      26
054_0032.png       ,      54
028_1_0052.png     ,      28
016_1_0023.png     ,      16
017_1_0027.png     ,      17
043_0021_j.png     ,      43
003_0065.png       ,       3
028_1_0089.png     ,      28
016_1_0051.png     ,      16
054_1_0037_1_j.png ,      54
005_1_0052.png     ,       5
005_0036.png       ,       5
028_1_0006_1_j.png ,      28
007_0024_j.png     ,       7
035_0001.png       ,      35
011_0002.png       ,      11
016_0018.png       ,      16
011_1_0019.png     ,      11
003_1_0023_1_j.png ,       3
054_0103.png       ,      54
035_1_0002.png     ,      35
011_1_0024_1_j.png ,      11
016_1_0038_1_j.png ,      16
005_1_0015.png     ,       5
011_0025.png       ,      11
035_0027_j.png     ,      35
011_1_0003_1_j.png ,      11
028_1_0009.png     ,      28
003_1_0072.png     ,       3
003_1_0032.png     ,       3
026_1_0027.png     ,      26
054_0113.png       ,      54
035_1_0011_1_j.png ,      35
007_1_0039.png     ,       7
026_0011.png       ,      26
016_1_0001.png     ,      16
043_1_0008_1_j.png ,      43
011_1_0029_1_j.png ,      11
054_0086_j.png     ,      54
026_1_0033.png     ,      26
028_0205.png       ,      28
054_1_0077_1_j.png ,      54
028_1_0024_1_j.png ,      28
003_0035.png       ,       3
007_1_0011_1_j.png ,       7
043_0009_j.png     ,      43
017_1_0031_1_j.png ,      17
054_0016_j.png     ,      54
017_1_0049.png     ,      17
028_1_0166.png     ,      28
017_1_0023.png     ,      17
054_1_0119.png     ,      54
043_1_0007_1_j.png ,      43
054_0160.png       ,      54
028_1_0067.png     ,      28
003_1_0111.png     ,       3
028_1_0088.png     ,      28
035_1_0022.png     ,      35
007_0013.png       ,       7
035_0021_j.png     ,      35
017_0022.png       ,      17
028_0019_j.png     ,      28
054_1_0062.png     ,      54
028_1_0095.png     ,      28
007_0058.png       ,       7
055_0038.png       ,      55
026_0039.png       ,      26
054_1_0054.png     ,      54
016_1_0030_1_j.png ,      16
028_0149.png       ,      28
005_0025_j.png     ,       5
055_0019_j.png     ,      55
054_0070.png       ,      54
054_0018_j.png     ,      54
003_1_0060.png     ,       3
028_0054.png       ,      28
011_0048_j.png     ,      11
054_0083.png       ,      54
028_1_0073.png     ,      28
043_0011_j.png     ,      43
016_0024.png       ,      16
005_1_0034.png     ,       5
054_1_0078.png     ,      54
007_0008_j.png     ,       7
035_0037.png       ,      35
003_0022.png       ,       3
005_1_0019.png     ,       5
016_1_0055.png     ,      16
035_0057.png       ,      35
011_0028_j.png     ,      11
016_0016_j.png     ,      16
035_0019_j.png     ,      35
054_1_0028.png     ,      54
026_0026.png       ,      26
035_1_0050.png     ,      35
007_1_0005_1_j.png ,       7
026_1_0003_1_j.png ,      26
003_1_0001.png     ,       3
054_1_0093.png     ,      54
055_0008.png       ,      55
028_1_0162.png     ,      28
017_1_0036.png     ,      17
003_1_0016_1_j.png ,       3
016_1_0001_1_j.png ,      16
005_1_0026.png     ,       5
028_1_0196.png     ,      28
026_0023_j.png     ,      26
054_1_0017_1_j.png ,      54
016_0037.png       ,      16
016_1_0002.png     ,      16
017_0019.png       ,      17
011_1_0002.png     ,      11
055_0011.png       ,      55
